<?xml version="1.0" encoding="UTF-8"?>
<project-private xmlns="http://www.netbeans.org/ns/project-private/1">
    <editor-bookmarks xmlns="http://www.netbeans.org/ns/editor-bookmarks/2" lastBookmarkId="0"/>
    <open-files xmlns="http://www.netbeans.org/ns/projectui-open-files/2">
        <group>
            <file>file:/C:/Users/jfsaw/Downloads/Jad%20Fixed%20(1)/Jad%20Fixed/covidContactTracing%20(3)/covidContactTracing/src/covidcontacttracing/userComparator.java</file>
            <file>file:/C:/Users/jfsaw/Downloads/Jad%20Fixed%20(1)/Jad%20Fixed/covidContactTracing%20(3)/covidContactTracing/src/covidcontacttracing/CovidContactTracing.java</file>
            <file>file:/C:/Users/jfsaw/Downloads/Jad%20Fixed%20(1)/Jad%20Fixed/covidContactTracing%20(3)/covidContactTracing/src/covidcontacttracing/User.java</file>
            <file>file:/C:/Users/jfsaw/Downloads/Jad%20Fixed%20(1)/Jad%20Fixed/covidContactTracing%20(3)/covidContactTracing/src/covidcontacttracing/Contact.java</file>
        </group>
    </open-files>
</project-private>
